DATE,DM_EQ,EM_EQ,NB,CASH,EILB,PE,RE,GLOBAL_BONDS,GLOBAL_EQ
1988-01-31,0.060595,0.138948,0.030461,0.041902,-0.019624,0.063566,0.009432,0.023951,0.060526
1988-02-29,0.059936,0.005779,0.010349,0.007541,0.00852,0.061586,0.016281,0.012391,0.059077
1988-03-31,0.011945,0.088025,0.000425,-0.011665,0.018457,0.013887,-0.008354,0.000444,0.012327
1988-04-30,0.014384,0.053796,-0.004142,0.007438,-0.026912,0.015786,0.008156,-0.003575,0.014305
1988-05-31,-0.012773,0.038589,-0.001684,0.014295,-0.013884,-0.010834,0.010285,-0.003165,-0.011948
1988-06-30,0.029526,0.067148,0.007365,0.037705,-0.016374,0.031709,0.038727,0.006819,0.029686
1988-07-31,0.026134,-0.020387,0.001001,0.01404,-0.009389,0.027937,0.024358,-0.000352,0.026488
1988-08-31,-0.048241,-0.019521,-0.005051,0.013544,-0.020277,-0.047492,-0.0147,-0.00103,-0.049612
1988-09-30,0.029999,0.051053,0.013656,-0.004554,0.030349,0.032263,0.03281,0.016308,0.03111
1988-10-31,0.028433,-0.041799,0.008922,-0.028355,0.05464,0.030252,-0.009541,0.01952,0.028487
1988-11-30,0.013035,-0.023273,-0.004923,-0.012741,0.00609,0.015552,-0.028595,-0.007857,0.012684
1988-12-31,0.023349,0.040949,0.003681,0.022104,-0.012676,0.024494,0.001097,0.004772,0.024663
1989-01-31,0.065527,0.011969,0.012762,0.03501,-0.031835,0.06572,0.04231,0.005219,0.0641
1989-02-28,-0.022549,0.057562,-0.016728,-0.00922,-0.00516,-0.022501,-0.012557,-0.006961,-0.023724
1989-03-31,0.014754,0.12431,0.006285,0.029352,-0.003668,0.014927,0.021208,0.002226,0.014849
1989-04-30,0.009866,0.174909,0.001599,-0.003251,0.012185,0.013823,0.015737,0.005056,0.013637
1989-05-31,0.005958,0.045966,0.009584,0.039392,-0.028466,0.008137,0.008858,0.003754,0.006622
1989-06-30,-0.013318,-0.12139,0.017987,0.005933,0.011897,-0.011455,0.016887,0.013757,-0.014514
1989-07-31,0.080118,0.031746,0.015439,-0.021805,0.04416,0.082846,0.020693,0.021393,0.079683
1989-08-31,0.007698,0.05808,-0.001681,0.041183,-0.055894,0.010445,-0.03226,-0.002159,0.008347
1989-09-30,-0.003075,0.089362,-0.013319,-0.023984,0.010378,-0.001839,-0.00213,-0.008739,-0.002503
1989-10-31,-0.035138,0.013057,0.006333,0.00507,-4e-05,-0.033367,-0.020023,0.004355,-0.034435
1989-11-30,0.031093,-0.053826,-0.000462,-0.00216,-0.002073,0.032042,0.01827,0.002195,0.029894
1989-12-31,0.014701,0.105447,-0.004531,-0.009656,0.023653,0.017215,0.002444,0.001452,0.016109
1990-01-31,-0.050323,0.026074,-0.018254,0.001894,-0.034779,-0.048744,-0.011947,-0.019757,-0.050822
1990-02-28,-0.031401,0.049889,-0.005329,0.01691,-0.042373,-0.031316,0.019557,0.004125,-0.032708
1990-03-31,-0.048658,-0.122445,0.002732,0.019591,-0.00832,-0.047333,0.004898,0.007016,-0.049929
1990-04-30,-0.018342,0.064529,-0.008143,0.002312,-0.032105,-0.016508,-0.012862,-0.010542,-0.017377
1990-05-31,0.092178,0.064623,0.019999,-0.00586,0.035094,0.093719,0.031549,0.018674,0.090224
1990-06-30,-0.014519,0.025909,0.009817,-0.00159,0.008461,-0.014301,-0.027087,0.009596,-0.015283
1990-07-31,-0.017067,0.058141,0.002965,-0.021109,0.036217,-0.01671,0.011447,-0.001721,-0.017388
1990-08-31,-0.104585,-0.13495,-0.019344,-0.004824,-0.008866,-0.102878,-0.044571,-0.021332,-0.104508
1990-09-30,-0.123213,-0.142384,-0.008557,-0.012823,0.029604,-0.120667,-0.033576,-0.010649,-0.123302
1990-10-31,0.052877,-0.054114,0.006148,-0.030775,0.047216,0.05386,-0.003281,-0.00716,0.049641
1990-11-30,-0.015749,-0.050352,0.01858,0.009065,0.041571,-0.012763,-0.05352,0.020786,-0.014712
1990-12-31,0.025245,0.048759,0.014733,0.011733,0.012415,0.028974,-0.000435,0.017658,0.028049
1991-01-31,0.016814,0.062436,0.005567,-0.013063,0.022631,0.018815,0.004881,0.002316,0.016931
1991-02-28,0.109659,0.17034,0.015012,0.020696,-0.013219,0.110436,0.036465,0.020099,0.111197
1991-03-31,0.015524,0.090496,0.007934,0.052258,-0.04748,0.018181,0.004174,0.023605,0.016948
1991-04-30,-0.001991,0.001188,0.00421,-0.005905,0.020515,-0.001215,0.017971,0.000645,-0.001638
1991-05-31,0.027996,0.086367,0.004757,0.010818,-0.001915,0.029236,0.008262,0.008929,0.029488
1991-06-30,-0.052485,-0.026075,-0.001445,0.014222,-0.022529,-0.051812,-0.024343,0.001069,-0.051661
1991-07-31,0.032069,0.034912,0.004865,-0.011165,0.028151,0.032129,0.01727,0.002413,0.029807
1991-08-31,-0.004957,0.017482,0.016708,0.001973,0.007547,-0.003614,-0.02599,0.01756,-0.00424
1991-09-30,0.00137,-0.061012,0.011701,-0.021374,0.032974,0.001826,-0.033818,0.005859,-0.000621
1991-10-31,0.004362,0.028013,-0.000901,-0.007472,-0.016648,0.006758,-0.067375,-0.000452,0.005081
1991-11-30,-0.059837,-0.034513,0.001007,-0.010854,0.022687,-0.056253,-0.059764,-0.00281,-0.057976
1991-12-31,0.038054,0.07668,0.017863,-0.028963,0.054277,0.039216,0.013116,0.009851,0.03849
1992-01-31,0.001295,0.138299,0.002274,0.023991,-0.026007,0.002438,0.014906,0.005222,0.005452
1992-02-29,-0.004744,0.058397,0.006261,0.015265,-0.014565,-0.003966,0.038507,0.012145,-0.002936
1992-03-31,-0.041844,0.037044,-0.006504,0.007949,-0.018709,-0.041306,-0.004827,-0.004004,-0.040603
1992-04-30,0.012227,-0.010499,0.003916,0.000215,-0.008966,0.012169,-0.006095,0.003362,0.010979
1992-05-31,0.014776,-0.025145,0.007152,-0.01913,0.061889,0.018355,-0.021022,0.005442,0.014505
1992-06-30,-0.055764,-0.119493,0.005354,-0.018713,0.022338,-0.052834,-0.048814,-0.000438,-0.057285
1992-07-31,-0.003983,0.003907,0.016466,-0.003357,-0.006218,-0.002041,0.003703,0.013872,-0.003096
1992-08-31,-0.005311,-0.073312,-0.001327,-0.024652,0.01757,-0.002096,-0.016565,-0.006596,-0.005225
1992-09-30,-0.015884,-0.004949,0.002859,-0.004544,0.043501,-0.014377,-0.023886,-0.003693,-0.016361
1992-10-31,0.004212,0.087709,0.00297,0.033881,-0.018282,0.004621,-0.007017,0.007845,0.00563
1992-11-30,0.029475,-0.000746,-0.0048,0.014433,-0.00845,0.030502,0.012825,0.001086,0.026317
1992-12-31,0.012895,0.036994,0.011204,0.007748,0.006769,0.015446,0.006615,0.016003,0.014199
1993-01-31,-0.004234,-0.00362,0.009561,-0.004802,0.032997,-0.002976,0.001052,0.009169,-0.004824
1993-02-28,0.012802,0.008079,0.011251,-0.006205,0.049046,0.017049,0.002268,0.006999,0.014587
1993-03-31,0.036394,0.011453,-0.006481,-0.018715,0.04062,0.037547,-0.009975,-0.010409,0.035497
1993-04-30,0.026932,0.003864,0.001521,-0.016462,0.002111,0.02959,-0.019236,-0.00495,0.026088
1993-05-31,0.009773,0.014712,-0.002588,-0.009475,0.025509,0.011431,-0.022026,-0.005232,0.010285
1993-06-30,0.012657,0.052347,0.018315,0.023214,-0.000639,0.014152,0.005211,0.025459,0.013124
1993-07-31,0.01847,0.024351,4e-06,-6.9e-05,0.017202,0.019765,0.01126,-0.002908,0.019251
1993-08-31,0.031883,0.067598,0.015226,-0.011494,0.054286,0.032667,0.011646,0.010877,0.032516
1993-09-30,-0.024675,0.030878,0.006666,-0.002896,0.001821,-0.022372,-0.025059,0.003458,-0.022749
1993-10-31,0.043181,0.106024,0.012264,0.017548,-0.005142,0.044597,0.015778,0.01579,0.046
1993-11-30,-0.049764,0.05326,-0.001369,0.009223,-0.006914,-0.048728,-0.024549,-0.002109,-0.045778
1993-12-31,0.060172,0.177018,0.017752,0.012199,0.018082,0.060434,0.045061,0.019049,0.065501
1994-01-31,0.054439,0.007747,-0.002999,-0.008102,0.012523,0.056741,0.011916,0.000976,0.055028
1994-02-28,-0.030879,-0.037886,-0.02489,-0.015201,-0.028751,-0.029342,-0.032953,-0.030083,-0.032443
1994-03-31,-0.05637,-0.104399,-0.015427,-0.011051,-0.040173,-0.054967,-0.019013,-0.026399,-0.058618
1994-04-30,0.02265,-0.028701,-0.007403,-0.004521,-0.014871,0.024601,0.01494,-0.009728,0.019677
1994-05-31,0.010513,0.040716,-0.002357,0.010438,-0.026137,0.011228,-0.000226,0.001328,0.013594
1994-06-30,-0.033149,-0.055493,-0.01569,-0.026111,0.008746,-0.027539,-0.019866,-0.023589,-0.033865
1994-07-31,0.023853,0.070387,0.012181,0.008069,0.0069,0.026987,0.012417,0.019134,0.026314
1994-08-31,0.025568,0.116985,-0.008802,-0.000877,-0.005288,0.034392,0.000599,-0.006296,0.028965
1994-09-30,-0.034669,0.000141,-0.003899,-0.006064,-0.009055,-0.02562,-0.01438,-0.01275,-0.032846
1994-10-31,0.01063,-0.036503,-0.002427,-0.01317,0.007297,-0.012929,0.013553,-0.008015,0.008567
1994-11-30,-0.025541,-0.032734,0.004343,0.023599,-0.014996,-0.03754,-0.00681,0.007644,-0.025085
1994-12-31,0.006987,-0.081997,0.000584,0.003157,-0.001119,0.005407,0.017061,0.002371,0.002485
1995-01-31,-0.019745,-0.112182,0.015022,-0.00047,-0.00434,-0.041594,-0.010327,0.015136,-0.02553
1995-02-28,-0.008653,-0.045752,0.00175,-0.018053,0.03309,-0.007544,-0.014728,0.001598,-0.014239
1995-03-31,-0.005169,-0.048459,0.00484,-0.046585,0.056665,-0.025484,-0.022426,-0.019474,-0.00843
1995-04-30,0.027444,0.03458,0.009953,-0.003611,0.035066,0.007644,-0.011369,0.006914,0.026844
1995-05-31,0.014037,0.060008,0.034283,0.011212,0.046134,0.021734,0.014208,0.037315,0.016656
1995-06-30,-0.008873,-0.004884,-0.002473,-0.002843,-0.005274,-0.00092,-0.009167,-0.001227,-0.008121
1995-07-31,0.063183,0.036131,0.014849,0.016917,-0.022994,0.0667,0.036818,0.015955,0.060924
1995-08-31,0.025168,0.023856,0.013076,0.054196,-0.031682,0.031559,0.01795,0.036238,0.026077
1995-09-30,0.01737,-0.015718,0.011813,-0.005531,-0.007523,-0.004361,0.024301,0.007485,0.016471
1995-10-31,-0.008561,-0.030754,0.014592,0.012474,0.010174,-0.018837,-0.014701,0.019173,-0.009817
1995-11-30,0.040398,-0.010442,0.017098,0.010649,0.018982,0.013617,0.019005,0.017387,0.037844
1995-12-31,0.029632,0.044819,0.010869,0.005121,0.020913,0.029972,0.00763,0.015016,0.02949
1996-01-31,0.039303,0.09594,0.008793,0.025739,-0.014825,0.046233,0.026889,0.017248,0.044497
1996-02-29,-0.003738,-0.026335,-0.015601,-0.005816,-0.026755,0.012248,0.001119,-0.018524,-0.00505
1996-03-31,0.021958,0.011058,0.003185,0.008993,-0.003379,0.023861,0.017625,0.001324,0.020501
1996-04-30,0.027362,0.047181,-0.000418,0.008035,-0.001592,0.054776,0.00873,-0.000999,0.029033
1996-05-31,0.007603,0.001445,0.007193,0.011685,-0.005051,0.002939,0.007336,0.008213,0.008428
1996-06-30,0.008894,0.00963,0.010146,0.006766,-0.000866,-0.007125,0.012602,0.013583,0.006837
1996-07-31,-0.053645,-0.087928,-0.001131,-0.015124,0.025906,-0.067509,-0.018505,-0.006923,-0.056874
1996-08-31,0.017502,0.03015,0.009938,0.010956,-0.0096,0.028601,0.020578,0.008333,0.018513
1996-09-30,0.05443,0.026836,0.018719,0.019489,0.0194,0.037809,0.032035,0.02604,0.052115
1996-10-31,0.007778,-0.023519,0.021037,0.007004,0.020953,-0.007312,0.00691,0.024388,0.006017
1996-11-30,0.058299,0.018406,0.016159,0.007685,0.032347,0.033801,0.024912,0.018104,0.057252
1996-12-31,-0.011398,0.009628,-0.003898,0.009027,-0.018423,-0.003447,-0.010627,-0.002801,-0.009726
1997-01-31,0.040846,0.09965,0.001721,0.033969,-0.082734,0.039716,0.041983,0.01251,0.047128
1997-02-28,0.017412,0.048886,-0.001339,0.010899,0.045668,0.022106,0.024865,0.001601,0.020383
1997-03-31,-0.014599,-0.022425,-0.003088,0.009206,-0.020311,-0.027365,-0.000675,-0.004349,-0.015287
1997-04-30,0.046213,0.015753,0.004754,0.019043,-0.007964,0.014354,0.01989,0.016544,0.046494
1997-05-31,0.028541,-0.004811,-0.0044,-0.026386,-0.020471,0.026341,-0.006131,-0.014009,0.025598
1997-06-30,0.047302,0.051912,0.011042,0.003524,0.037063,0.030946,0.002811,0.009336,0.050175
1997-07-31,0.070602,0.038808,0.015604,0.028629,0.02883,0.043418,0.034583,0.028095,0.070268
1997-08-31,-0.068625,-0.127538,-0.003183,0.002274,-0.022045,-0.065089,-0.017166,-0.005345,-0.071807
1997-09-30,0.048739,0.021004,0.014076,-0.002107,0.047483,0.014673,0.054702,0.012656,0.046844
1997-10-31,-0.061824,-0.17484,0.010327,-0.005147,0.085791,-0.083947,-0.01166,0.008387,-0.06958
1997-11-30,0.043586,-0.013727,0.008871,0.030155,0.027699,-0.015499,0.047167,0.018612,0.0399
1997-12-31,0.023519,0.037123,0.007709,0.01587,-0.016659,-0.00491,0.028151,0.012895,0.02481
1998-01-31,0.024832,-0.080378,-0.006027,0.00178,-0.010345,-0.00851,0.007334,0.005948,0.01903
1998-02-28,0.063221,0.101957,-0.038221,0.000981,0.015102,0.105334,0.001408,0.002299,0.064688
1998-03-31,0.065431,0.067728,0.02186,0.026697,0.066043,0.064883,0.045307,0.019323,0.065093
1998-04-30,-0.003148,-0.024374,-0.014273,-0.007431,0.001859,-0.020165,-0.001331,-0.000145,-0.002458
1998-05-31,-0.002134,-0.128711,-0.004105,0.014549,0.009602,-0.028864,0.014791,0.017305,-0.009046
1998-06-30,0.028968,-0.102763,-0.009716,0.00793,0.035057,-0.031191,0.030044,0.006001,0.021731
1998-07-31,0.005237,0.036175,0.017662,0.011345,-0.004822,-0.012651,0.030448,0.012922,0.007569
1998-08-31,-0.139458,-0.29388,-0.012133,-0.003837,0.021408,-0.160832,-0.045374,0.012391,-0.149023
1998-09-30,-0.010987,0.033548,-0.022425,-0.02332,0.003041,-0.006334,0.016328,0.017027,-0.010133
1998-10-31,0.033397,0.046644,-0.055991,-0.049123,-0.057571,0.035912,-0.034792,-0.040411,0.034055
1998-11-30,0.08034,0.102481,0.004824,0.023578,0.025423,0.076502,0.01469,0.014172,0.081553
1998-12-31,0.016757,-0.042398,-0.036557,-0.025925,0.01005,0.01152,-0.020414,-0.014961,0.014374
1999-01-31,0.042344,0.003153,0.015713,0.023245,0.02237,0.018713,0.030098,0.015063,0.039696
1999-02-28,-0.012572,0.025569,-0.019553,0.018876,-0.030385,-0.019508,-0.002004,-0.014579,-0.010867
1999-03-31,0.047532,0.135226,0.003462,0.007862,0.026368,0.062671,0.043817,0.004933,0.05011
1999-04-30,0.045104,0.127873,0.002327,0.008336,0.002696,0.09501,0.015517,0.003573,0.048575
1999-05-31,-0.026935,0.004518,-0.003166,0.009085,0.015036,0.005183,-0.008966,-0.004348,-0.026082
1999-06-30,0.048561,0.115569,-0.012023,0.001303,-0.018274,0.06084,0.030925,-0.012697,0.051064
1999-07-31,-0.032323,-0.05273,-0.018639,-0.013528,-0.017958,-0.021666,-0.017886,-0.014033,-0.033462
1999-08-31,-0.013217,-0.003293,-0.014756,-0.00703,-0.047513,0.00163,-0.006913,-0.01303,-0.01225
1999-09-30,-0.020915,-0.04463,-0.007253,-0.008921,0.017303,-0.033954,-0.005942,-0.001134,-0.02362
1999-10-31,0.048258,0.01763,-0.005996,-0.003948,0.010109,0.017842,0.013635,-0.004475,0.046405
1999-11-30,0.033242,0.097696,-0.010061,-0.005209,0.009461,0.063796,-0.001237,-0.005929,0.03658
1999-12-31,0.082253,0.12876,-0.005926,0.003266,0.012,0.084957,0.025294,-0.002477,0.083449
2000-01-31,-0.045201,0.016421,0.004468,0.016933,-0.011642,-0.009125,-0.018268,-0.004887,-0.044256
2000-02-29,0.013775,0.02271,0.014285,0.0143,0.002883,0.076659,0.035669,0.00742,0.013937
2000-03-31,0.043814,-0.016155,-0.00639,-0.017873,0.024364,-0.020126,0.017148,-0.002988,0.041006
2000-04-30,-0.01158,-0.066986,0.011731,0.036252,0.01946,-0.054,0.000968,0.00574,-0.015879
2000-05-31,-0.031679,-0.048332,-0.003174,-0.001075,-0.053461,-0.038629,0.012107,-0.001829,-0.032342
2000-06-30,0.013947,0.017213,0.004883,-0.00286,0.013916,0.024101,0.022899,0.006427,0.015002
2000-07-31,-0.009451,-0.032085,0.008183,0.012606,0.005485,-0.013485,0.0053,0.008876,-0.009042
2000-08-31,0.037436,0.008432,0.000736,-0.004947,-0.013785,0.052456,0.034075,-0.000791,0.036365
2000-09-30,-0.049371,-0.084222,0.0032,0.005662,0.019114,-0.051316,-0.008397,0.005663,-0.052626
2000-10-31,-0.002329,-0.056115,0.007873,0.006377,0.017753,-0.049638,0.026033,0.006143,-0.004381
2000-11-30,-0.065511,-0.093407,0.012075,0.000176,0.005548,-0.069839,-0.000959,0.01215,-0.067769
2000-12-31,-0.001373,0.006661,0.010426,-0.010762,0.047834,0.011619,0.023549,0.011922,-0.000625
2001-01-31,0.026576,0.14629,0.00686,0.013622,0.006358,0.066785,0.021551,0.012216,0.031778
2001-02-28,-0.078398,-0.075081,0.007158,0.008423,-0.003536,-0.047329,-0.012462,0.006326,-0.080679
2001-03-31,-0.037674,-0.071316,0.004836,0.035725,-0.007061,-0.046197,0.022988,0.009983,-0.038898
2001-04-30,0.065408,0.042157,-0.012035,-0.003351,-0.018804,0.059815,0.037482,-0.008272,0.065129
2001-05-31,-0.01442,0.00944,0.000954,0.00218,0.002309,0.007365,-0.013989,-0.00019,-0.012634
2001-06-30,-0.017646,-0.007101,0.003777,0.01714,0.015744,-0.003751,0.006103,0.006669,-0.017012
2001-07-31,-0.021095,-0.072215,0.013785,-0.005068,0.027783,-0.042858,0.019179,0.014914,-0.024185
2001-08-31,-0.071319,-0.035631,0.008273,-0.022185,0.009731,-0.040533,-0.020177,0.003911,-0.069068
2001-09-30,-0.090484,-0.157098,0.006604,0.000974,-0.010993,-0.131385,-0.02705,0.005204,-0.092992
2001-10-31,0.031788,0.075316,0.021165,0.008586,0.059151,0.054427,0.032945,0.022197,0.035007
2001-11-30,0.062559,0.111476,-0.012651,0.00439,-0.035668,0.082161,0.006447,-0.008299,0.066517
2001-12-31,0.024755,0.102257,-0.008148,0.021299,0.008075,0.059745,0.004528,-0.001472,0.028361
2002-01-31,-0.016575,0.048127,0.003082,0.011422,-0.001566,0.021891,0.017554,0.006268,-0.011637
2002-02-28,-0.009277,0.014542,0.003573,-0.000815,0.020233,0.004045,0.017406,0.005343,-0.010026
2002-03-31,0.036936,0.052866,-0.015288,-0.004803,-0.008118,0.057943,0.007544,-0.014539,0.037576
2002-04-30,-0.05497,-0.012089,0.010199,-0.014137,0.027293,-0.022633,-0.026938,0.00643,-0.053494
2002-05-31,-0.020487,-0.03575,-0.001021,-0.013177,0.013048,-0.017872,-0.012042,-0.000204,-0.020731
2002-06-30,-0.086422,-0.101214,0.013377,-0.025983,0.044197,-0.08437,-0.024961,0.007089,-0.0858
2002-07-31,-0.081931,-0.070967,0.01626,0.003335,0.016571,-0.081407,0.002326,0.011222,-0.083141
2002-08-31,-0.003241,0.012811,0.014754,-0.002714,0.052955,-0.003176,0.034665,0.012625,-0.002405
2002-09-30,-0.105287,-0.104121,0.017736,0.005683,0.051777,-0.095348,-0.028738,0.015067,-0.106689
2002-10-31,0.075219,0.064978,-0.005732,0.00185,-0.036643,0.045308,0.027515,-0.002737,0.073616
2002-11-30,0.050566,0.06414,-0.005013,-0.001519,-0.008662,0.054616,-0.005108,-0.000528,0.05274
2002-12-31,-0.073846,-0.060732,0.016987,-0.026113,0.073096,-0.064158,-0.029217,0.012545,-0.073201
2003-01-31,-0.035322,-0.011091,0.004817,-0.003656,0.044634,-0.014602,0.005275,0.006495,-0.03463
2003-02-28,-0.024992,-0.037462,0.003602,-0.007879,0.021578,-0.031463,0.01092,0.004535,-0.027823
2003-03-31,-0.00796,-0.034327,-0.004706,-0.00466,-0.018944,-0.012317,0.004166,-0.003027,-0.009701
2003-04-30,0.086852,0.083744,0.005051,-0.003412,0.007355,0.067918,0.030997,0.008613,0.085635
2003-05-31,0.043725,0.056827,0.02295,-0.013245,0.100212,0.072463,0.003701,0.021078,0.044011
2003-06-30,0.024544,0.066669,-0.00649,0.009699,-0.009261,0.037059,-0.016043,-0.003345,0.028789
2003-07-31,0.027454,0.068521,-0.026139,0.005837,-0.086213,0.047173,-0.001961,-0.023433,0.027543
2003-08-31,0.016064,0.061336,-0.007468,0.003636,-0.005889,0.042074,0.011922,-0.006948,0.017502
2003-09-30,-0.027005,-0.025262,0.016246,-0.022343,0.058918,-0.028701,0.001919,0.014063,-0.027494
2003-10-31,0.056147,0.080832,-0.010194,0.000935,-0.002561,0.081191,0.018126,-0.008881,0.055478
2003-11-30,0.005103,0.003473,0.001909,-0.009059,0.012054,0.003964,0.006174,0.002057,0.0054
2003-12-31,0.039183,0.047418,0.008692,-0.018206,0.051509,0.026095,0.008669,0.008486,0.038376
2004-01-31,0.015173,0.035186,0.005201,0.00339,0.013597,0.033174,-0.026389,0.003005,0.016575
2004-02-29,0.023458,0.054871,0.010629,6.2e-05,0.062565,0.043504,0.001396,0.011906,0.024942
2004-03-31,-0.019622,-0.000458,-1.6e-05,-0.001999,-0.0032,-0.005084,-0.010744,-0.004044,-0.019011
2004-04-30,0.001876,-0.059949,-0.018986,0.01057,-0.056587,-0.010288,0.011618,-0.013089,0.000301
2004-05-31,0.002014,-0.028134,-0.001797,-0.00729,0.039909,0.001504,0.030449,-0.002693,-0.00061
2004-06-30,0.014262,-0.000778,-0.003035,-0.00193,-0.009669,0.022428,0.010629,-0.00178,0.014608
2004-07-31,-0.023445,-0.008016,0.007303,0.00595,0.023314,-0.030965,-0.002716,0.010073,-0.022881
2004-08-31,-0.003326,0.033263,0.013849,-0.003783,0.030354,0.003772,0.019106,0.013569,-0.002251
2004-09-30,0.012508,0.047798,0.00344,-0.006791,0.020264,0.03182,0.011442,0.004501,0.014608
2004-10-31,0.002023,0.000501,0.001827,-0.012983,0.009562,0.007555,0.013408,0.001037,0.000361
2004-11-30,0.026648,0.065996,0.000763,-0.011262,0.023338,0.046585,0.010283,0.001024,0.028579
2004-12-31,0.03165,0.039975,0.007697,-0.005387,0.030495,0.037332,0.003363,0.007791,0.030182
2005-01-31,-0.005392,0.022242,0.008349,0.017129,-0.009132,0.005723,-0.011942,0.0078,-0.003517
2005-02-28,0.02684,0.084497,-0.006213,-0.005825,0.002713,0.04003,0.007537,-0.00301,0.028136
2005-03-31,-0.007207,-0.056813,-0.001597,0.006553,0.002614,-0.009128,-0.011971,-0.001626,-0.011248
2005-04-30,-0.027097,-0.033151,0.010495,-0.000435,0.020876,-0.038146,-0.002735,0.005795,-0.026921
2005-05-31,0.040068,0.05614,0.006021,0.017406,-0.004483,0.053343,0.020511,0.008445,0.041704
2005-06-30,0.023446,0.04843,0.007917,0.010143,0.018745,0.039249,0.023054,0.009962,0.024309
2005-07-31,0.034682,0.06984,-0.012313,-0.001614,-0.028784,0.048756,0.021968,-0.008962,0.036447
2005-08-31,-0.000734,-0.000208,0.008229,-0.004839,0.046507,-0.007925,0.013984,0.007484,-0.001392
2005-09-30,0.031758,0.099166,-0.014985,0.002381,-0.006233,0.043774,0.008442,-0.011357,0.03462
2005-10-31,-0.015642,-0.056273,-0.006771,0.011162,-0.020684,-0.028144,0.001676,-0.006328,-0.019501
2005-11-30,0.049574,0.101405,0.005299,0.018548,-0.003255,0.077884,0.038976,0.008497,0.053162
2005-12-31,0.019231,0.053188,0.005571,-0.001827,0.019386,0.041713,0.012649,0.004699,0.019344
2006-01-31,0.030851,0.09849,-0.002706,-0.009827,0.020345,0.047699,0.008574,-0.000766,0.037138
2006-02-28,0.000485,-0.000526,-0.002756,0.004826,-0.022746,0.000505,0.00127,-0.001481,8e-06
2006-03-31,0.021286,0.007835,-0.013189,0.00265,-0.043708,0.029304,0.023778,-0.010928,0.021194
2006-04-30,0.003131,0.044776,-0.007997,-0.022297,0.004352,0.014962,0.02447,-0.007525,0.007437
2006-05-31,-0.046069,-0.117791,0.001832,-0.00978,0.020489,-0.057188,-0.004191,-0.000699,-0.050659
2006-06-30,0.003838,0.003713,-0.003373,0.008913,-0.005983,0.000695,0.012315,-0.003313,0.004588
2006-07-31,0.005606,0.015103,0.008699,0.003683,0.031731,-0.008316,-0.000416,0.009603,0.005844
2006-08-31,0.031345,0.029778,0.013593,0.007984,0.040657,0.033768,0.01034,0.014914,0.029618
2006-09-30,0.020169,0.015398,0.006071,0.011816,-0.013843,0.02877,0.010052,0.00723,0.020422
2006-10-31,0.034872,0.046454,0.006704,0.001985,0.019819,0.038091,0.036022,0.00747,0.035543
2006-11-30,0.006617,0.058175,0.008162,0.000657,0.020696,0.03316,0.014235,0.008609,0.012433
2006-12-31,0.028344,0.050523,-0.009627,0.009172,-0.042394,0.028481,0.005551,-0.006146,0.029967
2007-01-31,0.022204,0.010428,-0.00113,0.006402,-0.011241,0.023735,0.010007,0.000439,0.020075
2007-02-28,-0.017657,-0.017729,0.008856,-0.008873,0.028716,0.000757,0.001458,0.007938,-0.018274
2007-03-31,0.012019,0.031212,-0.00651,-0.002857,-0.013422,0.016841,0.004507,-0.004494,0.013527
2007-04-30,0.037449,0.040079,0.00039,-0.003052,0.021606,0.038344,0.024794,0.003996,0.036729
2007-05-31,0.037395,0.059166,-0.010745,0.009428,-0.034798,0.056342,0.011758,-0.008922,0.037887
2007-06-30,-0.006538,0.045493,-0.003733,0.005681,7.8e-05,0.004304,0.010627,-0.002634,-0.000351
2007-07-31,-0.036716,0.035321,0.012312,-0.011597,0.040175,-0.015942,0.004598,0.004512,-0.029469
2007-08-31,-0.007886,-0.028894,0.009736,-0.001692,0.001506,-0.020268,0.002557,0.005012,-0.010242
2007-09-30,0.029775,0.090535,-0.000163,-0.013582,0.029186,0.032715,-0.002299,0.004654,0.036311
2007-10-31,0.023819,0.101944,0.005516,-0.004378,0.031631,0.03905,-0.022847,0.008722,0.032158
2007-11-30,-0.060291,-0.092536,0.007752,-0.017197,0.027179,-0.085172,-0.038528,-0.003163,-0.064855
2007-12-31,-0.011166,0.003789,-0.00415,0.00177,-0.013156,-0.005723,0.003456,-0.002916,-0.00891
2008-01-31,-0.094907,-0.146732,0.015861,-0.010497,0.035465,-0.108731,0.01042,0.008133,-0.098032
2008-02-29,-0.019936,0.057011,0.005867,-0.004712,0.011594,0.005089,0.028978,0.001383,-0.012335
2008-03-31,-0.039831,-0.08555,-0.003367,-0.01432,-0.015405,-0.050722,-0.005499,-0.011359,-0.044667
2008-04-30,0.072792,0.1,-0.014936,0.014123,-0.021469,0.072829,0.016386,-0.001878,0.075306
2008-05-31,0.014175,0.017183,-0.016866,-0.001404,-0.002096,0.019752,-0.014371,-0.013638,0.014152
2008-06-30,-0.086233,-0.110243,-0.003447,-0.004127,0.022961,-0.102668,-0.061104,-0.008395,-0.088617
2008-07-31,-0.018338,-0.028164,0.006536,0.001684,-0.003855,-0.032682,-0.045155,0.006573,-0.019931
2008-08-31,0.006084,-0.058765,0.006175,0.004556,-0.011936,0.000344,-0.036207,0.001926,-0.002581
2008-09-30,-0.111524,-0.168558,0.001322,0.000871,-0.08845,-0.145241,-0.067429,-0.016383,-0.118133
2008-10-31,-0.180874,-0.267859,0.000686,-0.002757,-0.216682,-0.232865,-0.054844,-0.028088,-0.190873
2008-11-30,-0.065259,-0.077041,0.039466,0.006769,-0.024241,-0.062733,0.023506,0.028628,-0.065914
2008-12-31,-0.006117,0.036706,0.022315,-0.002556,0.07104,0.036183,-0.013493,0.022437,-0.002141
2009-01-31,-0.067341,-0.03983,-0.014187,0.003438,-0.002963,-0.045786,-0.069667,-0.009708,-0.064653
2009-02-28,-0.079912,-0.030782,-0.001254,0.008903,-0.032878,-0.070342,-0.005633,0.002127,-0.075755
2009-03-31,0.063459,0.128924,0.009417,0.000441,0.0933,0.088924,0.055891,0.010963,0.071239
2009-04-30,0.111831,0.16403,-0.00826,-0.000685,0.007016,0.156918,0.038088,0.007542,0.115614
2009-05-31,0.060153,0.137551,-0.005162,-0.004734,0.056849,0.073628,0.010535,0.006733,0.068399
2009-06-30,0.000192,-0.008246,0.005581,-0.000536,0.024777,-0.001989,-0.014226,0.00755,-0.003046
2009-07-31,0.077778,0.108654,0.005619,0.000623,0.023289,0.094013,0.018022,0.017345,0.082541
2009-08-31,0.025742,-0.015376,0.004671,-0.005072,0.008987,0.024366,-0.017393,0.004136,0.022352
2009-09-30,0.022546,0.069719,0.001673,-0.005037,0.006901,0.045057,-0.014294,0.004393,0.028336
2009-10-31,-0.015197,0.001655,0.000916,0.000579,0.032802,-0.02751,-0.019035,0.004859,-0.016139
2009-11-30,0.017945,0.019981,0.005677,-0.008748,0.01708,0.016154,0.004311,0.002571,0.019041
2009-12-31,0.052621,0.078868,-0.014106,0.010069,-0.008736,0.079995,-0.007949,-0.003714,0.057943
2010-01-31,-0.039231,-0.05763,0.011983,-0.000865,-0.000114,-0.035432,-0.010669,0.007632,-0.039072
2010-02-28,0.011627,0.001663,-0.002542,-0.004499,-0.042403,0.018243,-0.01222,-0.001988,0.009748
2010-03-31,0.077414,0.098373,-0.004115,0.004761,0.041523,0.090017,-0.003146,0.007115,0.078737
2010-04-30,0.007562,0.019883,0.011925,0.002977,0.02961,0.027585,-0.032361,0.007128,0.009467
2010-05-31,-0.084277,-0.075686,0.015894,-0.005708,-0.034452,-0.078963,-0.033847,-0.001836,-0.080629
2010-06-30,-0.043752,-0.012856,0.015456,0.000163,0.013347,-0.027293,0.033871,0.008187,-0.038263
2010-07-31,0.054723,0.056316,0.000836,-0.001232,0.013101,0.053643,0.087961,0.008242,0.057041
2010-08-31,-0.034351,-0.019735,0.026106,-0.000575,0.036233,-0.026514,0.032802,0.016181,-0.0328
2010-09-30,0.066429,0.083236,-0.009374,-0.003393,0.011402,0.086134,0.032075,-0.002026,0.066926
2010-10-31,0.022692,0.011345,-0.004754,-0.002636,0.026732,0.020636,-0.050218,-0.00156,0.021525
2010-11-30,-0.001231,-0.006797,-0.014574,-0.004869,-0.03629,0.008345,-0.035363,-0.018922,-0.002189
2010-12-31,0.054046,0.051864,-0.012717,-0.005794,-0.028952,0.052747,0.022851,-0.006151,0.054303
2011-01-31,0.01477,-0.032704,-0.007779,0.001066,0.000591,0.009653,0.017451,-0.003482,0.011196
2011-02-28,0.028337,-0.015435,-0.005056,-0.004542,0.010847,0.011426,0.030098,-0.001893,0.022465
2011-03-31,-0.01356,0.054749,-0.005099,-0.001074,0.013658,0.013871,0.005594,0.000412,-0.006293
2011-04-30,0.01423,0.004388,0.001078,-0.008683,0.027348,0.014179,0.013009,0.003111,0.014797
2011-05-31,-0.012422,-0.022464,0.010433,-0.001943,0.007275,-0.006413,-0.015399,0.006516,-0.014689
2011-06-30,-0.018019,-0.015196,-0.001855,-0.001172,0.012805,-0.019897,-0.01904,-0.001671,-0.017662
2011-07-31,-0.024884,-0.011092,0.022923,-4.7e-05,0.057788,-0.020198,-0.030159,0.013493,-0.023561
2011-08-31,-0.070937,-0.089079,0.019261,0.00075,0.007639,-0.0766,-0.047634,0.011783,-0.072942
2011-09-30,-0.06486,-0.125709,0.018218,0.000202,0.007744,-0.094705,-0.017136,-0.000869,-0.075479
2011-10-31,0.083316,0.113476,-0.015592,-0.005348,0.007736,0.094917,0.037715,-0.004326,0.088591
2011-11-30,-0.014286,-0.056942,0.005242,0.000108,-0.003276,-0.031973,-0.010974,-0.006946,-0.0181
2011-12-31,0.005169,-0.009656,0.011899,-0.003068,0.015742,-0.000534,0.025928,0.012427,0.003123
2012-01-31,0.044083,0.107724,0.002468,-0.001873,0.040375,0.065985,0.032219,0.009862,0.050906
2012-02-29,0.046747,0.057897,-0.016282,-0.004447,-0.000855,0.050348,0.005133,-0.002816,0.046709
2012-03-31,0.018222,-0.027381,-0.004663,0.001487,-0.011622,0.00632,-0.005603,-0.00213,0.011788
2012-04-30,-0.021409,-0.020077,0.007453,-0.005299,0.019288,-0.022852,-0.031249,0.001291,-0.02081
2012-05-31,-0.066752,-0.095807,0.028549,0.001949,0.043364,-0.069216,-0.027039,0.009903,-0.069209
2012-06-30,0.043195,0.03289,-0.013355,-0.001205,-0.014493,0.030222,0.01546,-0.00215,0.042978
2012-07-31,0.016212,0.024284,0.017409,0.000185,0.052653,0.011367,0.022046,0.015328,0.018821
2012-08-31,0.017362,-0.010883,-0.006085,-0.002173,-0.006848,0.021464,0.009553,-6.1e-05,0.01068
2012-09-30,0.013338,0.046875,-0.007125,-0.004531,0.002444,0.027099,0.007597,-7.7e-05,0.018828
2012-10-31,-0.007437,-0.008871,-0.009086,-0.003758,0.011007,-0.005889,-0.001433,-0.002777,-0.006936
2012-11-30,0.017102,0.019121,0.001532,-9.8e-05,0.017573,0.025605,0.018231,0.003823,0.017339
2012-12-31,0.018912,0.048664,-0.009982,-0.002198,-0.004435,0.032348,-0.00096,-0.003521,0.02201
2013-01-31,0.057003,0.017124,-0.013461,0.002115,-0.006806,0.050752,-0.003455,-0.004774,0.05232
2013-02-28,0.009988,-0.004293,0.000307,-0.00742,-0.002526,0.016873,-0.009697,-0.001851,0.008881
2013-03-31,0.030555,-0.011627,0.004568,-0.001048,0.007998,0.027661,0.01194,0.003731,0.025084
2013-04-30,0.028015,0.004921,0.00194,-0.000218,0.023521,0.024009,0.010608,0.008986,0.025089
2013-05-31,0.017961,-0.009377,-0.016288,0.002287,-0.067854,0.020931,-3.2e-05,-0.015251,0.0131
2013-06-30,-0.025412,-0.063255,-0.007034,0.001767,-0.071552,-0.03169,0.004967,-0.013346,-0.030613
2013-07-31,0.045817,0.003574,0.003101,0.000473,0.014904,0.045073,0.031386,0.005787,0.041413
2013-08-31,-0.021373,-0.016916,-0.002197,0.001476,-0.030407,-0.016888,-0.012443,-0.00436,-0.019844
2013-09-30,0.033965,0.051144,0.00132,-0.004234,0.016018,0.043318,0.01845,0.005057,0.034942
2013-10-31,0.036949,0.048575,0.00496,-0.000661,0.015304,0.032913,0.00129,0.008503,0.039475
2013-11-30,0.024151,-0.005809,-0.005399,0.000877,-0.016154,0.01093,-0.001676,-0.003249,0.019351
2013-12-31,0.017977,-0.020238,-0.012875,-0.001871,-0.026238,0.020686,0.004061,-0.007975,0.016332
2014-01-31,-0.028192,-0.056484,0.022849,0.005543,0.0394,-0.021893,0.012134,0.017926,-0.033175
2014-02-28,0.039537,0.02436,-0.001026,-0.002226,0.002845,0.045291,0.021553,0.003649,0.038782
2014-03-31,0.001272,0.028406,-0.003873,-0.002139,-0.004788,0.001016,-0.012253,-0.000335,0.005179
2014-04-30,0.000495,-0.007219,-0.000881,-0.007028,0.016357,-0.007851,-0.007167,0.000163,-0.002015
2014-05-31,0.02229,0.036126,0.005684,-0.003348,0.033951,0.02656,0.00053,0.0062,0.023023
2014-06-30,0.014049,0.023717,-0.0002,-0.002216,0.004686,0.021242,-0.004352,0.002231,0.013166
2014-07-31,-0.006428,0.02739,0.00224,0.001134,0.00872,-0.004956,-0.002221,0.000836,-0.001829
2014-08-31,0.02688,0.028774,0.010507,-0.002436,0.014291,0.032257,0.018859,0.009612,0.025644
2014-09-30,-0.007754,-0.05683,-0.008225,-0.001398,-0.034998,-0.023171,-0.014329,-0.009323,-0.013689
2014-10-31,0.01244,0.018653,0.0051,-0.0011,0.016019,0.01416,0.010203,0.005158,0.011585
2014-11-30,0.034826,0.004387,0.007357,0.001858,0.016736,0.029166,0.004097,0.009386,0.03103
2014-12-31,-0.003117,-0.030743,0.01142,0.00368,-0.013771,0.003813,-0.008538,0.005926,-0.006795
2015-01-31,0.004022,0.03036,0.029705,0.004287,0.066492,0.020804,0.010319,0.019966,0.006036
2015-02-28,0.057392,0.028362,-0.016654,-0.002993,-0.019296,0.05396,0.003241,-0.009939,0.054704
2015-03-31,-0.000853,-0.000834,0.008192,-0.002447,0.000719,0.010996,-2.4e-05,0.003254,-0.001235
2015-04-30,0.003555,0.057754,-0.013839,-0.005506,0.001261,0.014978,0.011109,-0.009551,0.010192
2015-05-31,0.013923,-0.032566,-0.008434,-0.002541,-0.018697,0.009759,0.012762,-0.009233,0.008378
2015-06-30,-0.029688,-0.032493,-0.009929,0.001404,-0.027156,-0.03386,0.005338,-0.012519,-0.031179
2015-07-31,0.027076,-0.058709,0.011108,0.004324,0.014809,0.008131,0.041294,0.011214,0.018035
2015-08-31,-0.066199,-0.090751,0.004285,0.005912,-0.020682,-0.059724,-0.007752,0.00156,-0.068224
2015-09-30,-0.034652,-0.029239,0.010827,0.001211,-0.006674,-0.03097,0.018191,0.006803,-0.03395
2015-10-31,0.075939,0.069837,-0.004126,-0.004321,0.008768,0.066658,0.033151,-0.000802,0.075842
2015-11-30,0.008872,-0.027977,-0.002665,-0.003713,0.005474,0.008687,-0.007772,-0.003583,0.005003
2015-12-31,-0.020145,-0.023707,0.002791,0.00514,-0.023014,-0.018988,0.00026,0.002082,-0.019485
2016-01-31,-0.050698,-0.056965,0.024164,0.003709,0.037711,-0.06014,-0.003904,0.018055,-0.050066
2016-02-29,-0.015724,-0.011708,0.019866,0.00043,0.006536,-0.008116,0.008898,0.012309,-0.01553
2016-03-31,0.048891,0.110134,-0.000837,-0.002031,0.026215,0.06853,0.006287,0.008592,0.053872
2016-04-30,0.002697,-0.008471,0.000358,-0.002936,-0.006259,0.003429,-0.017561,1e-05,0.000975
2016-05-31,0.021182,-0.021729,0.001454,0.000672,-0.002461,0.014285,0.004584,-0.000114,0.016803
2016-06-30,-0.01871,0.033963,0.030871,-0.004753,0.03454,-0.018374,0.013934,0.020996,-0.012605
2016-07-31,0.04309,0.050047,0.002205,0.000243,0.018467,0.054516,0.011687,0.006804,0.042399
2016-08-31,0.003741,0.028546,-0.006504,-0.001386,-0.009142,0.006404,-0.010035,-0.002582,0.006055
2016-09-30,-0.000591,0.00409,-0.001399,-0.002497,0.006842,0.003768,-0.005792,-0.001317,-0.00074
2016-10-31,-0.008561,0.014505,-0.019569,-0.006402,-0.008445,-0.013853,-0.03003,-0.016999,-0.004728
2016-11-30,0.031707,-0.032043,-0.027704,-0.001998,-0.029002,0.016169,0.001158,-0.024115,0.024498
2016-12-31,0.025464,0.004665,-0.006678,-0.003694,0.003658,0.009374,0.01736,-0.002054,0.024443
2017-01-31,0.008723,0.039126,-0.003372,-0.001809,-0.002817,0.026863,0.015221,-0.004634,0.012747
2017-02-28,0.028791,0.027763,0.005882,-0.00409,0.007466,0.030075,0.02156,0.004972,0.029037
2017-03-31,0.007489,0.024365,-0.000688,0.000824,-0.009062,0.014898,0.009598,-0.000796,0.010403
2017-04-30,0.009632,0.016397,0.003526,0.0027,0.012317,0.014839,0.015587,0.006005,0.009473
2017-05-31,0.014337,0.020481,0.002817,0.001416,-0.001591,0.017593,0.011134,0.008158,0.015005
2017-06-30,0.001539,0.003515,-0.007655,-0.001096,-0.019347,0.004632,-0.001753,-0.004124,0.002266
2017-07-31,0.012281,0.050282,0.001792,0.001428,0.003961,0.02064,0.010348,0.005691,0.015826
2017-08-31,-0.002042,0.020223,0.005694,-0.003432,0.018991,0.001041,-0.001464,0.006232,0.000351
2017-09-30,0.021551,-0.007493,-0.013848,-0.001272,-0.015646,0.019682,-0.001033,-0.009984,0.018112
2017-10-31,0.025875,0.043416,0.000918,-0.000134,0.01013,0.024257,0.009198,0.001812,0.02743
2017-11-30,0.011038,-0.008835,-0.00054,-6.2e-05,-0.000568,0.009031,0.004898,0.000215,0.008077
2017-12-31,0.008048,0.031206,-0.002969,-0.00433,0.010388,0.020005,0.004994,-0.002487,0.010282
2018-01-31,0.033532,0.065387,-0.011398,0.000437,-0.029713,0.033568,0.021769,-0.007121,0.036529
2018-02-28,-0.038021,-0.042151,0.000872,-0.000334,-0.015294,-0.036893,-0.010109,-0.005418,-0.03742
2018-03-31,-0.02367,-0.022746,0.009811,0.002787,0.019323,-0.006428,0.006795,0.007593,-0.023373
2018-04-30,0.018063,0.003058,-0.009629,-0.002291,-0.000658,0.015934,-0.015032,-0.00854,0.018749
2018-05-31,0.012652,-0.031332,0.008205,-0.004654,0.009692,0.009627,-0.002005,-0.001906,0.008237
2018-06-30,0.002386,-0.03468,-0.001738,0.001851,0.01322,-0.009263,-0.006895,0.000772,-0.001206
2018-07-31,0.031521,0.022558,-0.005865,-0.001458,-0.012654,0.01893,0.013829,-0.001676,0.028699
2018-08-31,0.013478,-0.026391,0.004795,0.000568,0.010045,0.007311,0.011398,0.001925,0.007657
2018-09-30,0.006576,-0.003096,-0.012724,-0.002183,-0.022748,-0.003958,0.003526,-0.008062,0.006687
2018-10-31,-0.068502,-0.08112,-0.000127,-0.000905,-0.025405,-0.085585,-0.004528,-0.006315,-0.070949
2018-11-30,0.013947,0.041829,0.005609,0.000197,0.004477,0.019911,0.035047,0.00321,0.015441
2018-12-31,-0.078882,-0.029182,0.019924,0.004557,0.00121,-0.062188,-0.019792,0.016034,-0.075097
2019-01-31,0.073954,0.08111,0.006339,0.001296,0.018426,0.084367,0.022984,0.010053,0.073993
2019-02-28,0.033206,0.004699,-0.006664,-0.001238,-0.004569,0.029408,-0.019759,-0.003596,0.029781
2019-03-31,0.017018,0.010661,0.018775,1.5e-05,0.034802,0.013773,0.005091,0.016167,0.016941
